nss_arbre,nss_consultant,date_consultation
100000001,100000003,2025-01-10
100000005,100000004,2025-02-12
100000006,100000003,2025-03-18
100000009,100000007,2025-04-05
100000012,100000015,2025-01-22
100000003,100000012,2025-02-17
100000008,547515846,2025-05-10
100000003,100000012,2025-03-25
100000005,100000016,2024-12-20
100000006,100000001,2024-11-15
100000009,100000006,2024-10-12
100000012,100000014,2024-09-08
100000003,100000007,2024-08-06
100000004,100000005,2024-07-13
100000002,100000016,2024-06-11
100000010,100000009,2024-05-30
100000007,100000011,2024-04-19
100000005,84515616,2024-03-03
100000009,100000015,2024-02-25
547515846,100000005,2024-01-15
100000008,100000003,2023-12-30
100000001,100000004,2023-11-26
100000005,100000008,2023-10-12
100000006,100000014,2023-09-01
100000009,100000016,2023-08-19
100000012,547515846,2023-07-05
100000003,100000015,2023-06-15
100000008,100000001,2023-05-11
100000001,100000003,2023-04-06
100000005,100000006,2023-03-30
100000006,100000004,2023-02-25
100000009,100000002,2023-01-21
100000012,100000007,2022-12-15
100000003,84515616,2022-11-12
100000008,100000010,2022-10-08
547515846,100000012,2022-09-25
100000004,100000009,2022-08-17
100000002,100000008,2022-07-15
100000010,100000011,2022-06-10
100000007,100000005,2022-05-25
100000005,100000015,2022-04-20
100000009,100000001,2022-02-05
100000012,100000004,2022-01-10
100000003,100000006,2021-12-12
100000005,100000009,2021-11-18
100000006,100000010,2021-10-22
100000009,100000008,2021-09-06
100000012,100000002,2021-08-30
100000003,100000015,2021-07-10
100000008,547515846,2021-06-03
100000001,100000013,2021-05-26
100000005,100000016,2021-04-11
100000006,100000003,2021-03-05
100000009,100000014,2021-01-20
100000012,100000007,2020-12-28
100000003,100000005,2020-11-12
100000008,100000012,2020-10-27
100000001,100000004,2020-09-08
100000005,100000009,2020-08-23
100000006,100000008,2020-07-15
100000009,100000001,2020-06-12
100000012,100000003,2020-05-10
100000003,100000011,2020-04-19
100000008,100000001,2020-03-14
100000001,100000005,2020-02-22
100000005,100000014,2020-01-27
100000006,100000016,2019-12-30
100000009,84515616,2019-11-25
100000012,100000010,2019-10-26
100000003,100000013,2019-09-28
100000008,100000002,2019-08-15
100000001,100000015,2019-07-10
100000005,100000007,2019-06-02
100000006,547515846,2019-05-20
100000009,100000004,2019-04-18
100000012,100000008,2019-03-23
100000003,100000006,2019-02-12
100000008,100000001,2019-01-11
100000001,100000013,2018-12-20
100000005,100000012,2018-11-16
100000006,100000009,2018-10-05
100000009,100000003,2018-09-08
100000012,100000016,2018-08-25
100000003,100000002,2018-07-29
100000008,100000011,2018-06-12
100000001,100000008,2018-05-05
100000005,100000004,2018-04-15
100000006,100000001,2018-03-09
100000009,84515616,2018-02-14
100000012,100000010,2018-01-28
100000011,100000012,2025-05-20
100000001,100000012,2025-05-20
100000002,100000012,2025-05-20
547515846,547515846,2025-05-21
84515616,547515846,2025-05-21
100000010,547515846,2025-05-21
100000001,100000012,2025-05-21
100000001,100000012,2025-05-21
100000002,100000012,2025-05-21
100000003,100000012,2025-05-21
100000001,100000012,2025-05-21
100000002,100000012,2025-05-21
100000001,100000012,2025-05-21
100000014,100000012,2025-05-21
100000003,100000012,2025-05-21
100000002,100000012,2025-05-21
100000002,100000012,2025-05-21
100000002,100000012,2025-05-21
